Timestamp,Precision,Recall
2024-12-03 14:41:37,0.0,0.0
2024-12-03 14:41:38,0.0,0.0
2024-12-03 14:41:38,0.0,0.0
2024-12-03 14:41:38,0.0,0.0
2024-12-03 14:41:38,0.0,0.0
2024-12-03 14:41:38,0.0,0.0
2024-12-03 14:41:39,0.0,0.0
2024-12-03 14:41:39,0.0,0.0
2024-12-03 14:41:39,0.0,0.0
2024-12-03 14:41:39,0.0,0.0
2024-12-03 14:41:39,0.0,0.0
2024-12-03 14:41:40,0.0,0.0
2024-12-03 14:41:40,0.0,0.0
2024-12-03 14:41:40,0.0,0.0
2024-12-03 14:41:40,0.0,0.0
2024-12-03 14:41:40,0.0,0.0
2024-12-03 14:41:40,0.0,0.0
2024-12-03 14:41:41,0.0,0.0
2024-12-03 14:41:41,0.0,0.0
2024-12-03 14:41:41,0.25,1.0
2024-12-03 14:41:41,0.4,1.0
2024-12-03 14:41:42,0.3333333333333333,1.0
2024-12-03 14:41:42,0.3333333333333333,1.0
2024-12-03 14:41:42,0.3333333333333333,1.0
2024-12-03 14:41:42,0.3333333333333333,1.0
2024-12-03 14:41:42,0.3333333333333333,1.0
2024-12-03 14:41:42,0.3333333333333333,1.0
2024-12-03 14:41:43,0.3333333333333333,1.0
2024-12-03 14:41:43,0.3333333333333333,1.0
2024-12-03 14:41:43,0.3333333333333333,1.0
2024-12-03 14:41:43,0.3333333333333333,1.0
2024-12-03 14:41:43,0.42857142857142855,1.0
2024-12-03 14:41:43,0.375,1.0
2024-12-03 14:41:44,0.375,1.0
2024-12-03 14:41:44,0.375,1.0
2024-12-03 14:41:44,0.375,1.0
2024-12-03 14:41:44,0.375,1.0
2024-12-03 14:41:44,0.375,1.0
2024-12-03 14:41:45,0.375,1.0
2024-12-03 14:41:45,0.375,1.0
2024-12-03 14:41:45,0.375,1.0
2024-12-03 14:41:45,0.375,1.0
2024-12-03 14:41:45,0.375,1.0
2024-12-03 14:41:45,0.375,1.0
2024-12-03 14:41:46,0.3333333333333333,1.0
2024-12-03 14:41:46,0.4,1.0
2024-12-03 14:41:46,0.4,1.0
2024-12-03 14:41:46,0.4,1.0
2024-12-03 14:41:46,0.4,1.0
2024-12-03 14:41:47,0.4,1.0
2024-12-03 14:41:47,0.4,1.0
2024-12-03 14:41:47,0.36363636363636365,1.0
2024-12-03 14:41:47,0.36363636363636365,1.0
2024-12-03 14:41:47,0.36363636363636365,1.0
2024-12-03 14:41:48,0.36363636363636365,1.0
2024-12-03 14:41:48,0.36363636363636365,1.0
2024-12-03 14:41:48,0.36363636363636365,1.0
2024-12-03 14:41:48,0.36363636363636365,1.0
2024-12-03 14:41:48,0.36363636363636365,1.0
2024-12-03 14:41:55,0.36363636363636365,1.0
2024-12-03 14:41:55,0.3333333333333333,1.0
2024-12-03 14:41:55,0.38461538461538464,1.0
2024-12-03 14:41:55,0.42857142857142855,1.0
2024-12-03 14:41:56,0.4666666666666667,1.0
2024-12-03 14:41:56,0.5,1.0
2024-12-03 14:41:56,0.5294117647058824,1.0
2024-12-03 14:41:56,0.5555555555555556,1.0
2024-12-03 14:41:56,0.5789473684210527,1.0
2024-12-03 14:41:57,0.6,1.0
2024-12-03 14:41:57,0.6190476190476191,1.0
2024-12-03 14:41:57,0.6363636363636364,1.0
2024-12-03 14:41:57,0.6521739130434783,1.0
2024-12-03 14:41:57,0.6666666666666666,1.0
2024-12-03 14:41:58,0.68,1.0
2024-12-03 14:41:58,0.6923076923076923,1.0
2024-12-03 14:41:58,0.7037037037037037,1.0
2024-12-03 14:41:58,0.7142857142857143,1.0
2024-12-03 14:41:58,0.7241379310344828,1.0
2024-12-03 14:41:59,0.7333333333333333,1.0
2024-12-03 14:41:59,0.7419354838709677,1.0
2024-12-03 14:41:59,0.75,1.0
2024-12-03 14:41:59,0.7575757575757576,1.0
2024-12-03 14:42:00,0.7647058823529411,1.0
2024-12-03 14:42:00,0.7714285714285715,1.0
2024-12-03 14:42:00,0.7777777777777778,1.0
2024-12-03 14:42:00,0.7777777777777778,1.0
2024-12-03 14:42:00,0.7777777777777778,1.0
2024-12-03 14:42:01,0.7777777777777778,1.0
2024-12-03 14:42:01,0.7777777777777778,1.0
2024-12-03 14:42:01,0.7777777777777778,1.0
2024-12-03 14:42:01,0.7567567567567568,1.0
2024-12-03 14:42:01,0.7631578947368421,1.0
2024-12-03 14:42:02,0.7435897435897436,1.0
2024-12-03 14:42:02,0.725,1.0
2024-12-03 14:42:04,0.7317073170731707,1.0
2024-12-03 14:42:04,0.7317073170731707,1.0
2024-12-03 14:42:04,0.7317073170731707,1.0
2024-12-03 14:42:04,0.7317073170731707,1.0
2024-12-03 14:42:04,0.7317073170731707,1.0
2024-12-03 14:42:05,0.7317073170731707,1.0
2024-12-03 14:42:05,0.7317073170731707,1.0
2024-12-03 14:42:05,0.7317073170731707,1.0
2024-12-03 14:42:05,0.7317073170731707,1.0
2024-12-03 14:42:05,0.7317073170731707,1.0
2024-12-03 14:42:06,0.7317073170731707,1.0
2024-12-03 14:42:06,0.7317073170731707,1.0
2024-12-03 14:42:06,0.7317073170731707,1.0
2024-12-03 14:42:06,0.7317073170731707,1.0
2024-12-03 14:42:07,0.7380952380952381,1.0
2024-12-03 14:42:07,0.7441860465116279,1.0
2024-12-03 14:42:07,0.75,1.0
2024-12-03 14:42:07,0.7555555555555555,1.0
2024-12-03 14:42:08,0.7608695652173914,1.0
2024-12-03 14:42:08,0.7608695652173914,1.0
2024-12-03 14:42:08,0.7608695652173914,1.0
2024-12-03 14:42:08,0.7446808510638298,1.0
2024-12-03 14:42:08,0.7446808510638298,1.0
2024-12-03 14:42:09,0.7291666666666666,1.0
2024-12-03 14:42:09,0.7346938775510204,1.0
2024-12-03 14:42:09,0.74,1.0
2024-12-03 14:42:10,0.7450980392156863,1.0
2024-12-03 14:42:10,0.75,1.0
2024-12-03 14:42:10,0.7547169811320755,1.0
2024-12-03 14:42:10,0.7592592592592593,1.0
2024-12-03 14:49:09,0.42857142857142855,1.0
2024-12-03 14:49:09,0.375,1.0
2024-12-03 14:49:09,0.3333333333333333,1.0
2024-12-03 14:49:09,0.3333333333333333,1.0
2024-12-03 14:49:09,0.3333333333333333,1.0
2024-12-03 14:49:10,0.4,1.0
2024-12-03 14:49:10,0.45454545454545453,1.0
2024-12-03 14:49:10,0.5,1.0
2024-12-03 14:49:10,0.5,1.0
2024-12-03 14:49:10,0.5,1.0
2024-12-03 14:49:11,0.5,1.0
2024-12-03 14:49:11,0.5,1.0
2024-12-03 14:49:11,0.5384615384615384,1.0
2024-12-03 14:49:11,0.5,1.0
2024-12-03 14:49:13,0.5,1.0
2024-12-03 14:49:13,0.5,1.0
2024-12-03 14:49:13,0.5,1.0
2024-12-03 14:49:13,0.5,1.0
2024-12-03 14:49:14,0.5,1.0
2024-12-03 14:49:14,0.5,1.0
2024-12-03 14:49:14,0.5,1.0
2024-12-03 14:49:15,0.5294117647058824,1.0
2024-12-03 14:49:15,0.5555555555555556,1.0
2024-12-03 14:49:15,0.5789473684210527,1.0
2024-12-03 14:49:15,0.6,1.0
2024-12-03 14:49:16,0.6,1.0
2024-12-03 14:49:16,0.6,1.0
2024-12-03 14:49:16,0.6,1.0
2024-12-03 14:49:16,0.6190476190476191,1.0
2024-12-03 14:49:16,0.5909090909090909,1.0
2024-12-03 14:49:17,0.5909090909090909,1.0
2024-12-03 14:49:17,0.5909090909090909,1.0
2024-12-03 14:49:17,0.5909090909090909,1.0
2024-12-03 14:49:18,0.5909090909090909,1.0
2024-12-03 14:49:18,0.5909090909090909,1.0
2024-12-03 14:49:18,0.5909090909090909,1.0
2024-12-03 14:49:18,0.5909090909090909,1.0
2024-12-03 14:49:19,0.5909090909090909,1.0
2024-12-03 14:49:19,0.5909090909090909,1.0
2024-12-03 14:49:19,0.5909090909090909,1.0
2024-12-03 14:49:20,0.5909090909090909,1.0
2024-12-03 14:49:20,0.5909090909090909,1.0
2024-12-03 14:49:20,0.5909090909090909,1.0
2024-12-03 14:49:20,0.5909090909090909,1.0
2024-12-03 14:49:21,0.5909090909090909,1.0
2024-12-03 14:49:21,0.5909090909090909,1.0
2024-12-03 14:49:21,0.5909090909090909,1.0
2024-12-03 14:49:21,0.5909090909090909,1.0
2024-12-03 14:49:22,0.5909090909090909,1.0
2024-12-03 14:49:22,0.5909090909090909,1.0
2024-12-03 14:49:22,0.6086956521739131,1.0
2024-12-03 14:49:22,0.625,1.0
2024-12-03 14:49:23,0.64,1.0
2024-12-03 14:49:23,0.6538461538461539,1.0
2024-12-03 14:49:23,0.6666666666666666,1.0
2024-12-03 14:49:23,0.6785714285714286,1.0
2024-12-03 14:49:23,0.6896551724137931,1.0
2024-12-03 14:49:24,0.7,1.0
2024-12-03 14:49:24,0.7096774193548387,1.0
2024-12-03 14:49:24,0.71875,1.0
2024-12-03 14:49:24,0.7272727272727273,1.0
2024-12-03 15:00:30,0.5,1.0
2024-12-03 15:00:31,0.5,1.0
2024-12-03 15:00:31,0.5,1.0
2024-12-03 15:00:31,0.5,1.0
2024-12-03 15:00:31,0.5,1.0
2024-12-03 15:00:31,0.5,1.0
2024-12-03 15:00:32,0.45454545454545453,1.0
2024-12-03 15:00:32,0.4166666666666667,1.0
2024-12-03 15:00:32,0.38461538461538464,1.0
2024-12-03 15:00:32,0.35714285714285715,1.0
2024-12-03 15:00:32,0.35714285714285715,1.0
2024-12-03 15:00:33,0.35714285714285715,1.0
2024-12-03 15:00:33,0.35714285714285715,1.0
2024-12-03 15:00:33,0.35714285714285715,1.0
2024-12-03 15:00:33,0.3333333333333333,1.0
2024-12-03 15:00:33,0.3125,1.0
2024-12-03 15:00:34,0.3125,1.0
2024-12-03 15:00:34,0.3125,1.0
2024-12-03 15:00:34,0.35294117647058826,1.0
2024-12-03 15:00:34,0.3333333333333333,1.0
2024-12-03 15:00:34,0.3333333333333333,1.0
2024-12-03 15:00:35,0.3333333333333333,1.0
2024-12-03 15:00:35,0.3157894736842105,1.0
2024-12-03 15:00:35,0.35,1.0
2024-12-03 15:00:35,0.35,1.0
2024-12-03 15:00:36,0.35,1.0
2024-12-03 15:00:36,0.35,1.0
2024-12-03 15:00:36,0.38095238095238093,1.0
2024-12-03 15:00:36,0.4090909090909091,1.0
2024-12-03 15:00:36,0.4166666666666667,1.0
2024-12-03 15:00:37,0.46153846153846156,1.0
2024-12-03 15:00:37,0.5,1.0
2024-12-03 15:00:37,0.4827586206896552,1.0
2024-12-03 15:00:38,0.4666666666666667,1.0
2024-12-03 15:00:38,0.45161290322580644,1.0
2024-12-03 15:00:38,0.4375,1.0
2024-12-03 15:00:38,0.4117647058823529,1.0
2024-12-03 15:00:39,0.4117647058823529,1.0
2024-12-03 15:00:39,0.4117647058823529,1.0
2024-12-03 15:00:39,0.4117647058823529,1.0
2024-12-03 15:00:39,0.4166666666666667,1.0
2024-12-03 15:00:40,0.42105263157894735,1.0
2024-12-03 15:00:40,0.4358974358974359,1.0
2024-12-03 15:00:40,0.43902439024390244,1.0
2024-12-03 15:00:40,0.4418604651162791,1.0
2024-12-03 15:00:41,0.45454545454545453,1.0
2024-12-03 15:00:41,0.45652173913043476,1.0
2024-12-03 15:00:41,0.46808510638297873,1.0
2024-12-03 15:00:42,0.46938775510204084,1.0
2024-12-03 15:00:42,0.47058823529411764,1.0
2024-12-03 15:00:42,0.4716981132075472,1.0
2024-12-03 15:00:42,0.4727272727272727,1.0
2024-12-03 15:00:42,0.49122807017543857,1.0
2024-12-03 15:00:43,0.5084745762711864,1.0
2024-12-03 15:00:43,0.5,1.0
2024-12-03 15:00:43,0.4838709677419355,1.0
2024-12-03 15:00:43,0.5,1.0
2024-12-03 15:00:44,0.5076923076923077,1.0
2024-12-03 15:00:44,0.5076923076923077,1.0
2024-12-03 15:00:44,0.5076923076923077,1.0
2024-12-03 15:00:44,0.5076923076923077,1.0
2024-12-03 15:00:45,0.5,1.0
2024-12-03 15:00:45,0.4925373134328358,1.0
2024-12-03 15:00:45,0.4782608695652174,1.0
2024-12-03 15:00:45,0.4714285714285714,1.0
2024-12-03 15:00:45,0.4647887323943662,1.0
2024-12-03 15:00:46,0.4722222222222222,1.0
2024-12-03 15:00:46,0.4722222222222222,1.0
2024-12-03 15:00:46,0.4722222222222222,1.0
2024-12-03 15:00:46,0.4722222222222222,1.0
2024-12-03 15:00:46,0.4794520547945205,1.0
2024-12-03 15:00:47,0.47297297297297297,1.0
2024-12-03 15:00:47,0.4666666666666667,1.0
2024-12-03 15:00:47,0.4605263157894737,1.0
2024-12-03 15:00:47,0.45454545454545453,1.0
2024-12-03 15:00:47,0.45454545454545453,1.0
2024-12-03 15:00:48,0.45454545454545453,1.0
2024-12-03 15:00:48,0.44871794871794873,1.0
2024-12-03 15:00:48,0.45569620253164556,1.0
2024-12-03 15:00:48,0.4625,1.0
2024-12-03 15:00:49,0.4567901234567901,1.0
2024-12-03 15:00:49,0.4634146341463415,1.0
2024-12-03 15:00:49,0.4578313253012048,1.0
2024-12-03 15:00:49,0.4642857142857143,1.0
2024-12-03 15:00:49,0.4588235294117647,1.0
2024-12-03 15:00:50,0.46511627906976744,1.0
2024-12-03 15:00:50,0.47126436781609193,1.0
2024-12-03 15:00:50,0.4772727272727273,1.0
2024-12-03 15:00:50,0.48314606741573035,1.0
2024-12-03 15:00:50,0.4888888888888889,1.0
2024-12-03 15:00:51,0.4945054945054945,1.0
2024-12-03 15:00:51,0.5,1.0
2024-12-03 15:00:51,0.5053763440860215,1.0
2024-12-03 15:20:11,0.7,1.0
2024-12-03 15:20:12,0.6363636363636364,1.0
2024-12-03 15:20:12,0.6363636363636364,1.0
2024-12-03 15:20:13,0.5833333333333334,1.0
2024-12-03 15:20:13,0.6153846153846154,1.0
2024-12-03 15:20:14,0.6428571428571429,1.0
2024-12-03 15:20:14,0.6666666666666666,1.0
2024-12-03 15:20:15,0.6875,1.0
2024-12-03 15:20:15,0.7058823529411765,1.0
2024-12-03 15:20:16,0.7222222222222222,1.0
2024-12-03 15:20:17,0.7368421052631579,1.0
2024-12-03 15:20:17,0.75,1.0
2024-12-03 15:20:18,0.7619047619047619,1.0
2024-12-03 15:20:18,0.7727272727272727,1.0
2024-12-03 15:20:19,0.782608695652174,1.0
2024-12-03 15:20:19,0.7916666666666666,1.0
2024-12-03 15:20:20,0.8,1.0
2024-12-03 15:20:20,0.8,1.0
2024-12-03 15:20:21,0.8076923076923077,1.0
2024-12-03 15:20:21,0.8148148148148148,1.0
2024-12-03 15:20:22,0.8214285714285714,1.0
2024-12-03 15:20:22,0.8275862068965517,1.0
2024-12-03 15:20:23,0.8275862068965517,1.0
2024-12-03 15:20:23,0.8275862068965517,1.0
2024-12-03 15:20:24,0.8275862068965517,1.0
2024-12-03 15:20:24,0.8275862068965517,1.0
2024-12-03 15:20:25,0.8275862068965517,1.0
2024-12-03 15:20:25,0.8333333333333334,1.0
2024-12-03 15:20:26,0.8387096774193549,1.0
2024-12-03 15:20:26,0.84375,1.0
2024-12-03 15:20:27,0.8484848484848485,1.0
2024-12-03 15:20:28,0.8529411764705882,1.0
2024-12-03 15:20:28,0.8571428571428571,1.0
2024-12-03 15:20:29,0.8611111111111112,1.0
2024-12-03 15:20:29,0.8648648648648649,1.0
2024-12-03 15:20:30,0.868421052631579,1.0
2024-12-03 15:20:31,0.8461538461538461,1.0
2024-12-03 15:20:31,0.85,1.0
2024-12-03 15:20:32,0.8292682926829268,1.0
2024-12-03 15:20:32,0.8095238095238095,1.0
2024-12-03 15:20:33,0.813953488372093,1.0
2024-12-03 15:20:33,0.813953488372093,1.0
2024-12-03 15:20:34,0.8181818181818182,1.0
2024-12-03 15:20:34,0.8222222222222222,1.0
2024-12-03 15:20:35,0.8260869565217391,1.0
2024-12-03 15:20:35,0.8260869565217391,1.0
2024-12-03 15:20:36,0.8297872340425532,1.0
2024-12-03 15:20:36,0.8333333333333334,1.0
2024-12-03 15:20:37,0.8367346938775511,1.0
2024-12-03 15:20:37,0.84,1.0
2024-12-03 15:20:38,0.8431372549019608,1.0
2024-12-03 15:20:38,0.8461538461538461,1.0
2024-12-03 15:20:39,0.8490566037735849,1.0
2024-12-03 15:20:39,0.8333333333333334,1.0
2024-12-03 15:20:40,0.8363636363636363,1.0
2024-12-03 15:20:41,0.8392857142857143,1.0
2024-12-03 15:20:41,0.8421052631578947,1.0
2024-12-03 15:20:42,0.8448275862068966,1.0
2024-12-03 15:20:42,0.847457627118644,1.0
2024-12-03 15:20:43,0.85,1.0
2024-12-03 15:20:43,0.8524590163934426,1.0
2024-12-03 15:20:44,0.8524590163934426,1.0
2024-12-03 15:20:44,0.8524590163934426,1.0
2024-12-03 15:20:45,0.8387096774193549,1.0
2024-12-03 15:20:46,0.8412698412698413,1.0
2024-12-03 15:20:46,0.828125,1.0
2024-12-03 15:20:47,0.8307692307692308,1.0
2024-12-03 15:20:47,0.8333333333333334,1.0
2024-12-03 15:20:48,0.835820895522388,1.0
2024-12-03 15:20:48,0.8382352941176471,1.0
2024-12-03 15:20:49,0.8260869565217391,1.0
2024-12-03 15:20:49,0.8285714285714286,1.0
2024-12-03 15:20:51,0.8309859154929577,1.0
2024-12-03 15:20:51,0.8333333333333334,1.0
2024-12-03 15:20:52,0.8356164383561644,1.0
2024-12-03 15:20:52,0.8378378378378378,1.0
2024-12-03 15:20:53,0.84,1.0
2024-12-03 15:20:53,0.8421052631578947,1.0
2024-12-03 15:20:53,0.8441558441558441,1.0
2024-12-03 15:20:54,0.8461538461538461,1.0
2024-12-03 15:20:54,0.8354430379746836,1.0
2024-12-03 15:20:55,0.825,1.0
2024-12-03 15:20:55,0.8271604938271605,1.0
2024-12-03 15:20:56,0.8292682926829268,1.0
2024-12-03 15:20:56,0.8313253012048193,1.0
2024-12-03 15:20:57,0.8333333333333334,1.0
2024-12-03 15:20:57,0.8235294117647058,1.0
2024-12-03 15:20:58,0.8255813953488372,1.0
2024-12-03 15:20:58,0.8275862068965517,1.0
2024-12-03 15:20:59,0.8295454545454546,1.0
2024-12-03 15:20:59,0.8314606741573034,1.0
2024-12-03 15:21:00,0.8222222222222222,1.0
2024-12-03 15:21:00,0.8241758241758241,1.0
2024-12-03 15:21:01,0.8260869565217391,1.0
2024-12-03 15:21:01,0.8279569892473119,1.0
2024-12-03 15:21:01,0.8297872340425532,1.0
2024-12-03 15:21:02,0.8315789473684211,1.0
2024-12-03 15:21:02,0.8333333333333334,1.0
2024-12-03 15:21:03,0.8247422680412371,1.0
2024-12-03 15:21:03,0.826530612244898,1.0
2024-12-03 15:21:04,0.8282828282828283,1.0
2024-12-03 15:21:04,0.83,1.0
2024-12-03 15:21:05,0.8316831683168316,1.0
2024-12-03 15:21:05,0.8333333333333334,1.0
2024-12-03 15:21:06,0.8349514563106796,1.0
2024-12-03 15:21:07,0.8365384615384616,1.0
2024-12-03 15:21:07,0.8380952380952381,1.0
2024-12-03 15:21:08,0.839622641509434,1.0
2024-12-03 15:21:08,0.8411214953271028,1.0
2024-12-03 15:21:09,0.8425925925925926,1.0
2024-12-03 15:21:09,0.8440366972477065,1.0
2024-12-03 15:21:10,0.8454545454545455,1.0
2024-12-03 15:21:10,0.8468468468468469,1.0
2024-12-03 15:21:11,0.8482142857142857,1.0
2024-12-03 15:21:11,0.8495575221238938,1.0
2024-12-03 15:21:12,0.8508771929824561,1.0
2024-12-03 15:21:13,0.8434782608695652,1.0
2024-12-03 15:21:13,0.8434782608695652,1.0
2024-12-03 15:21:14,0.8434782608695652,1.0
2024-12-03 15:21:14,0.8362068965517241,1.0
2024-12-03 15:21:15,0.8376068376068376,1.0
2024-12-03 15:21:15,0.8389830508474576,1.0
2024-12-03 15:21:16,0.8403361344537815,1.0
2024-12-03 15:21:17,0.8416666666666667,1.0
2024-12-03 15:21:18,0.8429752066115702,1.0
2024-12-03 15:21:18,0.8442622950819673,1.0
2024-12-03 15:21:19,0.8455284552845529,1.0
2024-12-03 15:21:19,0.8467741935483871,1.0
2024-12-03 15:21:20,0.848,1.0
2024-12-03 15:21:20,0.8492063492063492,1.0
2024-12-03 15:21:21,0.8503937007874016,1.0
2024-12-03 15:21:21,0.8515625,1.0
2024-12-03 16:04:57,0.7777777777777778,1.0
2024-12-03 16:04:57,0.7777777777777778,1.0
2024-12-03 16:04:58,0.8,1.0
2024-12-03 16:04:58,0.7272727272727273,1.0
2024-12-03 16:04:59,0.6666666666666666,1.0
2024-12-03 16:04:59,0.6666666666666666,1.0
2024-12-03 16:05:00,0.6153846153846154,1.0
2024-12-03 16:05:00,0.6428571428571429,1.0
2024-12-03 16:05:01,0.6666666666666666,1.0
2024-12-03 16:05:01,0.6875,1.0
2024-12-03 16:05:02,0.7058823529411765,1.0
2024-12-03 16:05:02,0.7058823529411765,1.0
2024-12-03 16:05:03,0.7058823529411765,1.0
2024-12-03 16:05:03,0.7058823529411765,1.0
2024-12-03 16:05:04,0.7222222222222222,1.0
2024-12-03 16:05:04,0.7368421052631579,1.0
2024-12-03 16:05:05,0.7368421052631579,1.0
2024-12-03 16:05:05,0.7,1.0
2024-12-03 16:05:06,0.7142857142857143,1.0
2024-12-03 16:05:06,0.7142857142857143,1.0
2024-12-03 16:05:07,0.7142857142857143,1.0
2024-12-03 16:05:07,0.7142857142857143,1.0
2024-12-03 16:05:08,0.7142857142857143,1.0
2024-12-03 16:05:08,0.7142857142857143,1.0
2024-12-03 16:05:09,0.7142857142857143,1.0
2024-12-03 16:05:09,0.7142857142857143,1.0
2024-12-03 16:05:10,0.7142857142857143,1.0
2024-12-03 16:05:10,0.7142857142857143,1.0
2024-12-03 16:05:11,0.7142857142857143,1.0
2024-12-03 16:05:11,0.7272727272727273,1.0
2024-12-03 16:05:12,0.7391304347826086,1.0
2024-12-03 16:05:12,0.7083333333333334,1.0
2024-12-03 16:05:13,0.72,1.0
2024-12-03 16:05:13,0.7307692307692307,1.0
2024-12-03 16:05:14,0.7037037037037037,1.0
2024-12-03 16:05:15,0.6785714285714286,1.0
2024-12-03 16:05:15,0.6551724137931034,1.0
2024-12-03 16:05:16,0.6333333333333333,1.0
2024-12-03 16:05:16,0.6333333333333333,1.0
2024-12-03 16:05:16,0.6129032258064516,1.0
2024-12-03 16:05:18,0.625,1.0
2024-12-03 16:05:19,0.6363636363636364,1.0
2024-12-03 16:05:19,0.6470588235294118,1.0
2024-12-03 16:05:20,0.6571428571428571,1.0
2024-12-03 16:05:20,0.6666666666666666,1.0
2024-12-03 16:05:21,0.6666666666666666,1.0
2024-12-03 16:05:21,0.6486486486486487,1.0
2024-12-03 16:05:22,0.631578947368421,1.0
2024-12-03 16:05:22,0.6410256410256411,1.0
2024-12-03 16:05:23,0.65,1.0
2024-12-03 16:05:23,0.6585365853658537,1.0
2024-12-03 16:05:24,0.6666666666666666,1.0
2024-12-03 16:05:24,0.6744186046511628,1.0
2024-12-03 16:05:25,0.6744186046511628,1.0
2024-12-03 16:05:25,0.6818181818181818,1.0
2024-12-03 16:05:26,0.6666666666666666,1.0
2024-12-03 16:05:26,0.6739130434782609,1.0
2024-12-03 16:05:27,0.6808510638297872,1.0
2024-12-03 16:05:28,0.6875,1.0
2024-12-03 16:05:28,0.6938775510204082,1.0
2024-12-03 16:05:29,0.7,1.0
2024-12-03 16:05:29,0.7058823529411765,1.0
2024-12-03 16:05:30,0.7115384615384616,1.0
2024-12-03 16:05:30,0.7169811320754716,1.0
2024-12-03 16:05:31,0.7169811320754716,1.0
2024-12-03 16:05:31,0.7037037037037037,1.0
2024-12-03 16:05:32,0.6909090909090909,1.0
2024-12-03 16:05:32,0.6785714285714286,1.0
2024-12-03 16:05:33,0.6842105263157895,1.0
2024-12-03 16:05:33,0.6896551724137931,1.0
2024-12-03 16:05:34,0.6949152542372882,1.0
2024-12-03 16:05:34,0.7,1.0
2024-12-03 16:05:35,0.7049180327868853,1.0
2024-12-03 16:05:35,0.7096774193548387,1.0
2024-12-03 16:05:36,0.7142857142857143,1.0
2024-12-03 16:05:36,0.71875,1.0
2024-12-03 16:05:37,0.7230769230769231,1.0
2024-12-03 16:05:38,0.7272727272727273,1.0
2024-12-03 16:05:38,0.7313432835820896,1.0
2024-12-03 16:05:39,0.7352941176470589,1.0
2024-12-03 16:05:39,0.7391304347826086,1.0
2024-12-03 16:05:40,0.7428571428571429,1.0
2024-12-03 16:05:40,0.7464788732394366,1.0
2024-12-03 16:05:41,0.75,1.0
2024-12-03 16:05:41,0.7534246575342466,1.0
2024-12-03 16:05:42,0.7567567567567568,1.0
2024-12-03 16:05:42,0.76,1.0
2024-12-03 16:05:43,0.7631578947368421,1.0
2024-12-03 16:05:43,0.7662337662337663,1.0
2024-12-03 16:05:44,0.7692307692307693,1.0
2024-12-03 16:05:44,0.7721518987341772,1.0
2024-12-03 16:05:45,0.7625,1.0
2024-12-03 16:05:45,0.7654320987654321,1.0
2024-12-03 16:05:46,0.7682926829268293,1.0
2024-12-03 16:05:46,0.7590361445783133,1.0
2024-12-03 16:05:47,0.7619047619047619,1.0
2024-12-03 16:05:47,0.7529411764705882,1.0
2024-12-03 16:05:48,0.7558139534883721,1.0
2024-12-03 16:05:48,0.7558139534883721,1.0
2024-12-03 16:05:49,0.7558139534883721,1.0
2024-12-03 16:05:49,0.7558139534883721,1.0
2024-12-03 16:05:50,0.7471264367816092,1.0
2024-12-03 16:05:50,0.7386363636363636,1.0
2024-12-03 16:05:51,0.7415730337078652,1.0
2024-12-03 16:05:52,0.7444444444444445,1.0
2024-12-03 16:05:52,0.7362637362637363,1.0
2024-12-03 16:05:53,0.7282608695652174,1.0
2024-12-03 16:05:53,0.7311827956989247,1.0
2024-12-03 16:05:53,0.7340425531914894,1.0
2024-12-03 16:05:54,0.7368421052631579,1.0
2024-12-03 16:05:54,0.7395833333333334,1.0
2024-12-03 16:05:55,0.7422680412371134,1.0
2024-12-03 16:05:55,0.7448979591836735,1.0
2024-12-03 16:05:56,0.7474747474747475,1.0
2024-12-03 16:05:56,0.75,1.0
2024-12-03 16:05:57,0.7524752475247525,1.0
2024-12-03 16:05:57,0.7549019607843137,1.0
2024-12-03 16:05:58,0.7549019607843137,1.0
2024-12-03 16:05:58,0.7475728155339806,1.0
2024-12-03 16:05:59,0.75,1.0
2024-12-03 16:05:59,0.7523809523809524,1.0
2024-12-03 16:06:00,0.7547169811320755,1.0
2024-12-03 16:06:01,0.7570093457943925,1.0
2024-12-03 16:06:02,0.7592592592592593,1.0
2024-12-03 16:06:02,0.7614678899082569,1.0
2024-12-03 16:06:03,0.7636363636363637,1.0
2024-12-03 16:06:04,0.7657657657657657,1.0
2024-12-03 16:06:04,0.7678571428571429,1.0
2024-12-03 16:06:05,0.7699115044247787,1.0
2024-12-03 16:12:10,0.6,1.0
2024-12-03 16:12:10,0.5454545454545454,1.0
2024-12-03 16:12:11,0.5454545454545454,1.0
2024-12-03 16:12:11,0.5384615384615384,1.0
2024-12-03 16:12:12,0.6,1.0
2024-12-03 16:12:12,0.5882352941176471,1.0
2024-12-03 16:12:13,0.55,1.0
2024-12-03 16:12:14,0.4782608695652174,1.0
2024-12-03 16:12:14,0.46153846153846156,1.0
2024-12-03 16:12:15,0.5,1.0
2024-12-03 16:12:15,0.5,1.0
2024-12-03 16:12:16,0.5,1.0
2024-12-03 16:12:16,0.5,1.0
2024-12-03 16:12:17,0.5333333333333333,1.0
2024-12-03 16:12:17,0.5333333333333333,1.0
2024-12-03 16:12:17,0.5333333333333333,1.0
2024-12-03 16:12:18,0.5161290322580645,1.0
2024-12-03 16:12:18,0.5161290322580645,1.0
2024-12-03 16:12:19,0.5,1.0
2024-12-03 16:12:19,0.5,1.0
2024-12-03 16:12:20,0.5,1.0
2024-12-03 16:12:21,0.48484848484848486,1.0
2024-12-03 16:12:21,0.48484848484848486,1.0
2024-12-03 16:12:22,0.47058823529411764,1.0
2024-12-03 16:12:22,0.45714285714285713,1.0
2024-12-03 16:12:23,0.4722222222222222,1.0
2024-12-03 16:12:23,0.4864864864864865,1.0
2024-12-03 16:12:24,0.5,1.0
2024-12-03 16:12:24,0.5128205128205128,1.0
2024-12-03 16:12:25,0.525,1.0
2024-12-03 16:12:25,0.5365853658536586,1.0
2024-12-03 16:12:26,0.5476190476190477,1.0
2024-12-03 16:12:26,0.5476190476190477,1.0
2024-12-03 16:12:27,0.5581395348837209,1.0
2024-12-03 16:12:27,0.5681818181818182,1.0
2024-12-03 16:12:28,0.5555555555555556,1.0
2024-12-03 16:12:28,0.5652173913043478,1.0
2024-12-03 16:12:29,0.574468085106383,1.0
2024-12-03 16:12:29,0.5833333333333334,1.0
2024-12-03 16:12:30,0.5714285714285714,1.0
2024-12-03 16:12:31,0.56,1.0
2024-12-03 16:12:32,0.56,1.0
2024-12-03 16:12:32,0.56,1.0
2024-12-03 16:12:32,0.56,1.0
2024-12-03 16:12:33,0.5490196078431373,1.0
2024-12-03 16:12:33,0.5490196078431373,1.0
2024-12-03 16:12:34,0.5490196078431373,1.0
2024-12-03 16:12:34,0.5576923076923077,1.0
2024-12-03 16:12:35,0.5660377358490566,1.0
2024-12-03 16:12:36,0.5740740740740741,1.0
2024-12-03 16:12:36,0.5818181818181818,1.0
2024-12-03 16:12:37,0.5892857142857143,1.0
2024-12-03 16:12:37,0.5789473684210527,1.0
2024-12-04 09:00:50,0.0,0.0
2024-12-04 09:00:50,0.0,0.0
2024-12-04 09:00:51,0.0,0.0
2024-12-04 09:00:51,0.0,0.0
2024-12-04 09:00:52,0.0,0.0
2024-12-04 09:00:53,0.0,0.0
2024-12-04 09:00:53,0.0,0.0
2024-12-04 09:00:54,0.0,0.0
2024-12-04 09:00:54,0.0,0.0
2024-12-04 09:00:55,0.0,0.0
2024-12-04 09:00:55,0.0,0.0
2024-12-04 09:00:56,0.0,0.0
2024-12-04 09:00:56,0.0,0.0
2024-12-04 09:00:57,0.0,0.0
2024-12-04 09:00:57,0.0,0.0
2024-12-04 09:00:58,0.0,0.0
2024-12-04 09:00:58,0.0,0.0
2024-12-04 09:00:59,0.0,0.0
2024-12-04 09:00:59,0.0,0.0
2024-12-04 09:01:00,0.0,0.0
2024-12-04 09:01:00,0.0,0.0
2024-12-04 09:01:01,0.0,0.0
2024-12-04 09:01:01,0.0,0.0
2024-12-04 09:01:01,0.0,0.0
2024-12-04 09:01:02,0.0,0.0
2024-12-04 09:01:02,0.0,0.0
2024-12-04 09:01:03,0.0,0.0
2024-12-04 09:01:04,0.0,0.0
2024-12-04 09:01:04,0.0,0.0
2024-12-04 09:01:05,0.0,0.0
2024-12-04 09:01:05,0.0,0.0
2024-12-04 09:01:06,0.0,0.0
2024-12-04 09:01:06,0.0,0.0
2024-12-04 09:01:06,0.0,0.0
2024-12-04 09:01:08,0.14285714285714285,1.0
2024-12-04 09:01:09,0.14285714285714285,1.0
2024-12-04 09:01:10,0.125,1.0
2024-12-04 09:01:10,0.125,1.0
2024-12-04 09:01:11,0.125,1.0
2024-12-04 09:01:11,0.125,1.0
2024-12-04 09:01:12,0.125,1.0
2024-12-04 09:01:12,0.125,1.0
2024-12-04 09:01:14,0.125,1.0
2024-12-04 09:01:14,0.125,1.0
2024-12-04 09:01:15,0.125,1.0
2024-12-04 09:01:15,0.125,1.0
2024-12-04 09:01:16,0.125,1.0
2024-12-04 09:01:16,0.125,1.0
2024-12-04 09:01:17,0.125,1.0
2024-12-04 09:01:17,0.125,1.0
2024-12-04 09:01:18,0.125,1.0
2024-12-04 09:01:18,0.125,1.0
2024-12-04 09:01:19,0.125,1.0
2024-12-04 09:01:19,0.1111111111111111,1.0
2024-12-04 09:01:20,0.1111111111111111,1.0
2024-12-04 09:01:20,0.1111111111111111,1.0
2024-12-04 09:01:20,0.1111111111111111,1.0
2024-12-04 09:01:21,0.1111111111111111,1.0
2024-12-04 09:01:22,0.1111111111111111,1.0
2024-12-04 09:01:23,0.1111111111111111,1.0
2024-12-04 09:01:23,0.1111111111111111,1.0
2024-12-04 09:01:24,0.1111111111111111,1.0
2024-12-04 09:01:24,0.2,1.0
2024-12-04 09:01:25,0.2727272727272727,1.0
2024-12-04 09:01:25,0.3333333333333333,1.0
2024-12-04 09:01:26,0.38461538461538464,1.0
2024-12-04 09:01:26,0.42857142857142855,1.0
2024-12-04 09:01:27,0.4666666666666667,1.0
2024-12-04 09:01:27,0.5,1.0
2024-12-04 09:01:28,0.5294117647058824,1.0
2024-12-04 09:01:28,0.5555555555555556,1.0
2024-12-04 09:01:29,0.5789473684210527,1.0
2024-12-04 09:01:29,0.6,1.0
2024-12-04 09:01:30,0.6190476190476191,1.0
2024-12-04 09:01:30,0.6363636363636364,1.0
2024-12-04 09:01:31,0.6521739130434783,1.0
2024-12-04 09:01:31,0.6666666666666666,1.0
2024-12-04 09:01:32,0.68,1.0
2024-12-04 09:01:32,0.6538461538461539,1.0
2024-12-04 09:01:33,0.6538461538461539,1.0
2024-12-04 09:01:33,0.6666666666666666,1.0
2024-12-04 09:01:34,0.6785714285714286,1.0
2024-12-04 09:01:34,0.6896551724137931,1.0
2024-12-04 09:01:35,0.7,1.0
2024-12-04 09:01:35,0.7096774193548387,1.0
2024-12-04 09:01:36,0.71875,1.0
2024-12-04 09:01:36,0.7272727272727273,1.0
2024-12-04 09:01:37,0.7352941176470589,1.0
2024-12-04 09:01:37,0.7142857142857143,1.0
2024-12-04 09:01:38,0.7142857142857143,1.0
2024-12-04 09:01:38,0.7142857142857143,1.0
2024-12-04 09:01:39,0.6944444444444444,1.0
2024-12-04 09:01:39,0.6756756756756757,1.0
2024-12-04 09:01:40,0.6756756756756757,1.0
2024-12-04 09:01:40,0.6578947368421053,1.0
2024-12-04 09:01:41,0.6578947368421053,1.0
2024-12-04 09:01:41,0.6578947368421053,1.0
2024-12-04 09:01:42,0.6666666666666666,1.0
2024-12-04 09:01:42,0.65,1.0
2024-12-04 09:01:43,0.65,1.0
2024-12-04 09:01:43,0.65,1.0
2024-12-04 09:01:44,0.65,1.0
2024-12-04 09:01:44,0.65,1.0
2024-12-04 09:01:45,0.6585365853658537,1.0
2024-12-04 09:01:45,0.6585365853658537,1.0
2024-12-04 09:01:46,0.6666666666666666,1.0
2024-12-04 09:01:46,0.6666666666666666,1.0
2024-12-04 09:01:47,0.6744186046511628,1.0
2024-12-04 09:01:47,0.6818181818181818,1.0
2024-12-04 09:01:48,0.6888888888888889,1.0
2024-12-04 09:01:48,0.6956521739130435,1.0
2024-12-04 09:01:49,0.7021276595744681,1.0
2024-12-04 09:01:49,0.7083333333333334,1.0
2024-12-04 09:01:50,0.7142857142857143,1.0
2024-12-04 09:01:50,0.72,1.0
2024-12-04 09:01:51,0.7254901960784313,1.0
2024-12-04 09:01:51,0.7307692307692307,1.0
2024-12-04 09:01:52,0.7358490566037735,1.0
2024-12-04 09:01:53,0.7407407407407407,1.0
2024-12-04 09:01:53,0.7454545454545455,1.0
2024-12-04 09:01:54,0.75,1.0
2024-12-04 09:01:54,0.7543859649122807,1.0
2024-12-04 09:01:55,0.7586206896551724,1.0
2024-12-04 09:01:55,0.7627118644067796,1.0
2024-12-04 09:01:56,0.7666666666666667,1.0
2024-12-04 09:01:56,0.7704918032786885,1.0
2024-12-04 09:01:57,0.7741935483870968,1.0
2024-12-04 09:01:57,0.7777777777777778,1.0
2024-12-04 09:01:58,0.78125,1.0
2024-12-04 09:01:59,0.7846153846153846,1.0
2024-12-04 09:01:59,0.7727272727272727,1.0
2024-12-04 09:02:00,0.7611940298507462,1.0
2024-12-04 09:02:00,0.7647058823529411,1.0
2024-12-04 09:02:01,0.7681159420289855,1.0
2024-12-04 09:02:01,0.7714285714285715,1.0
2024-12-04 09:02:02,0.7746478873239436,1.0
2024-12-04 09:02:03,0.7777777777777778,1.0
2024-12-04 09:02:03,0.7808219178082192,1.0
2024-12-04 09:02:04,0.7837837837837838,1.0
2024-12-04 09:02:04,0.7866666666666666,1.0
2024-12-04 09:02:05,0.7894736842105263,1.0
2024-12-04 09:02:05,0.7922077922077922,1.0
2024-12-04 09:02:06,0.7948717948717948,1.0
2024-12-04 09:02:06,0.7974683544303798,1.0
2024-12-04 09:02:07,0.8,1.0
2024-12-04 09:02:07,0.8024691358024691,1.0
2024-12-04 09:02:08,0.8048780487804879,1.0
2024-12-04 09:02:08,0.8072289156626506,1.0
2024-12-04 09:02:09,0.8095238095238095,1.0
2024-12-04 09:02:09,0.8117647058823529,1.0
2024-12-04 09:02:10,0.813953488372093,1.0
2024-12-04 09:02:10,0.8160919540229885,1.0
2024-12-04 09:02:11,0.8181818181818182,1.0
2024-12-04 09:02:12,0.8202247191011236,1.0
2024-12-04 09:02:12,0.8222222222222222,1.0
2024-12-04 09:02:13,0.8241758241758241,1.0
2024-12-04 09:02:13,0.8260869565217391,1.0
2024-12-04 09:02:13,0.8279569892473119,1.0
2024-12-04 09:02:14,0.8297872340425532,1.0
2024-12-04 09:02:14,0.8315789473684211,1.0
2024-12-04 09:02:15,0.8333333333333334,1.0
2024-12-04 09:02:16,0.8247422680412371,1.0
2024-12-04 09:02:16,0.8247422680412371,1.0
2024-12-04 09:02:17,0.826530612244898,1.0
2024-12-04 09:02:17,0.8282828282828283,1.0
2024-12-04 09:02:18,0.83,1.0
2024-12-04 09:02:18,0.8316831683168316,1.0
2024-12-04 09:02:19,0.8333333333333334,1.0
2024-12-04 09:02:19,0.8349514563106796,1.0
2024-12-04 09:02:20,0.8365384615384616,1.0
2024-12-04 09:02:20,0.8380952380952381,1.0
2024-12-04 09:02:21,0.839622641509434,1.0
2024-12-04 09:02:21,0.8411214953271028,1.0
2024-12-04 09:02:22,0.8425925925925926,1.0
2024-12-04 09:02:22,0.8440366972477065,1.0
2024-12-04 09:02:23,0.8454545454545455,1.0
2024-12-04 09:02:23,0.8468468468468469,1.0
2024-12-04 09:02:24,0.8482142857142857,1.0
2024-12-04 09:02:24,0.8495575221238938,1.0
2024-12-04 09:02:25,0.8508771929824561,1.0
2024-12-04 09:02:25,0.8521739130434782,1.0
2024-12-04 09:02:26,0.853448275862069,1.0
2024-12-04 09:02:26,0.8547008547008547,1.0
2024-12-04 09:02:27,0.8559322033898306,1.0
2024-12-04 09:02:27,0.8487394957983193,1.0
2024-12-04 09:02:28,0.85,1.0
2024-12-04 09:02:28,0.8512396694214877,1.0
2024-12-04 09:02:29,0.8524590163934426,1.0
2024-12-04 09:02:29,0.8536585365853658,1.0
2024-12-04 09:02:30,0.8548387096774194,1.0
2024-12-04 09:02:30,0.848,1.0
2024-12-04 09:02:31,0.848,1.0
2024-12-04 09:02:31,0.8492063492063492,1.0
2024-12-04 09:02:32,0.8503937007874016,1.0
2024-12-04 09:02:32,0.8515625,1.0
2024-12-04 09:02:33,0.8527131782945736,1.0
2024-12-04 09:02:33,0.8538461538461538,1.0
2024-12-04 09:02:34,0.8549618320610687,1.0
2024-12-04 09:02:34,0.8560606060606061,1.0
2024-12-04 09:02:35,0.8571428571428571,1.0
2024-12-04 09:02:35,0.8582089552238806,1.0
2024-12-04 09:02:36,0.8592592592592593,1.0
2024-12-04 09:02:36,0.8602941176470589,1.0
2024-12-04 09:02:37,0.8540145985401459,1.0
2024-12-04 09:02:37,0.8540145985401459,1.0
2024-12-04 09:02:38,0.8540145985401459,1.0
2024-12-04 09:02:38,0.8478260869565217,1.0
2024-12-04 09:02:39,0.8489208633093526,1.0
2024-12-04 09:02:39,0.85,1.0
2024-12-04 09:02:40,0.851063829787234,1.0
2024-12-04 09:02:40,0.851063829787234,1.0
2024-12-04 09:02:41,0.851063829787234,1.0
2024-12-04 09:02:41,0.851063829787234,1.0
2024-12-04 09:02:42,0.851063829787234,1.0
2024-12-04 09:02:42,0.851063829787234,1.0
2024-12-04 09:02:43,0.851063829787234,1.0
2024-12-04 09:02:43,0.852112676056338,1.0
2024-12-04 09:02:44,0.8531468531468531,1.0
2024-12-04 09:02:44,0.8541666666666666,1.0
2024-12-04 09:02:45,0.8541666666666666,1.0
2024-12-04 09:02:45,0.8541666666666666,1.0
2024-12-04 09:02:46,0.8551724137931035,1.0
2024-12-04 09:02:46,0.8561643835616438,1.0
2024-12-04 09:02:47,0.8571428571428571,1.0
2024-12-04 09:02:47,0.8581081081081081,1.0
2024-12-04 09:02:48,0.8590604026845637,1.0
2024-12-04 09:02:48,0.86,1.0
2024-12-04 09:02:49,0.8609271523178808,1.0
2024-12-04 09:02:49,0.8618421052631579,1.0
2024-12-04 09:02:50,0.8627450980392157,1.0
2024-12-04 09:02:50,0.8636363636363636,1.0
2024-12-04 09:02:51,0.864516129032258,1.0
2024-12-04 09:02:51,0.8653846153846154,1.0
2024-12-04 09:02:52,0.8662420382165605,1.0
2024-12-04 09:02:52,0.8670886075949367,1.0
2024-12-04 09:02:53,0.8679245283018868,1.0
2024-12-04 09:02:53,0.86875,1.0
2024-12-04 09:02:54,0.8695652173913043,1.0
2024-12-04 09:02:54,0.8703703703703703,1.0
2024-12-04 09:02:55,0.8703703703703703,1.0
2024-12-04 09:02:55,0.8703703703703703,1.0
2024-12-04 09:02:55,0.8703703703703703,1.0
2024-12-04 09:02:56,0.8711656441717791,1.0
2024-12-04 09:02:56,0.8658536585365854,1.0
2024-12-04 09:02:57,0.8658536585365854,1.0
2024-12-04 09:02:57,0.8606060606060606,1.0
2024-12-04 09:02:58,0.8606060606060606,1.0
2024-12-04 09:02:58,0.8606060606060606,1.0
2024-12-04 09:02:59,0.8606060606060606,1.0
2024-12-04 09:02:59,0.8554216867469879,1.0
2024-12-04 09:03:00,0.8502994011976048,1.0
2024-12-04 09:03:00,0.8511904761904762,1.0
2024-12-04 09:03:01,0.8520710059171598,1.0
2024-12-04 09:03:01,0.8520710059171598,1.0
2024-12-04 09:03:02,0.8520710059171598,1.0
2024-12-04 09:03:02,0.8470588235294118,1.0
2024-12-04 09:03:03,0.8470588235294118,1.0
2024-12-04 09:03:03,0.8421052631578947,1.0
2024-12-04 09:03:04,0.8430232558139535,1.0
2024-12-04 09:03:04,0.8439306358381503,1.0
2024-12-04 09:03:05,0.8390804597701149,1.0
2024-12-04 09:03:05,0.8390804597701149,1.0
2024-12-04 09:03:06,0.8390804597701149,1.0
2024-12-04 09:03:06,0.8390804597701149,1.0
2024-12-04 09:03:07,0.8390804597701149,1.0
2024-12-04 09:03:07,0.8390804597701149,1.0
2024-12-04 09:03:08,0.8390804597701149,1.0
2024-12-04 09:03:08,0.8390804597701149,1.0
2024-12-04 09:03:09,0.8342857142857143,1.0
2024-12-04 09:03:09,0.8352272727272727,1.0
2024-12-04 09:03:10,0.8361581920903954,1.0
